alert_id,reason
1049,baseline corrected 2026-10-05 (gapped prev_close; not a real drop signal)
1050,baseline corrected 2026-10-05 (gapped prev_close; not a real drop signal)
1051,baseline corrected 2026-10-05 (gapped prev_close; not a real drop signal)
1059,baseline corrected 2026-10-05 (gapped prev_close; not a real drop signal)
1060,baseline corrected 2026-10-05 (gapped prev_close; not a real drop signal)
1061,baseline corrected 2026-10-05 (gapped prev_close; not a real drop signal)
1062,baseline corrected 2026-10-05 (gapped prev_close; not a real drop signal)
1063,baseline corrected 2026-10-05 (gapped prev_close; not a real drop signal)
1064,baseline corrected 2026-10-05 (gapped prev_close; not a real drop signal)
1065,baseline corrected 2026-10-05 (gapped prev_close; not a real drop signal)
1066,baseline corrected 2026-10-05 (gapped prev_close; not a real drop signal)
1067,baseline corrected 2026-10-05 (gapped prev_close; not a real drop signal)
1068,baseline corrected 2026-10-05 (gapped prev_close; not a real drop signal)
1069,baseline corrected 2026-10-05 (gapped prev_close; not a real drop signal)
1071,baseline corrected 2026-10-05 (gapped prev_close; not a real drop signal)
1072,baseline corrected 2026-10-05 (gapped prev_close; not a real drop signal)
